{"cameraMode":{"drawMode":0,"name":"Shaded","section":"Shading Mode"},"sceneLighting":true,"audioPlay":false,"sceneViewState":{"showFog":true,"showMaterialUpdate":false,"showSkybox":true,"showFlares":true,"showImageEffects":true,"showParticleSystems":true},"in2DMode":false,"pivot":{"x":-66.15371704101563,"y":40.63691711425781,"z":56.884788513183597},"rotation":{"x":0.24971996247768403,"y":-0.49352461099624636,"z":0.15040035545825959,"w":0.8194224238395691},"size":291.3132019042969,"orthographic":false}