{"cameraMode":{"drawMode":0,"name":"Shaded","section":"Shading Mode"},"sceneLighting":true,"audioPlay":false,"sceneViewState":{"showFog":true,"showMaterialUpdate":false,"showSkybox":true,"showFlares":true,"showImageEffects":true,"showParticleSystems":true},"in2DMode":false,"pivot":{"x":1.0559120178222657,"y":20.020214080810548,"z":9.14627456665039},"rotation":{"x":0.09403274953365326,"y":-0.6601492762565613,"z":0.08382885158061981,"w":0.740495502948761},"size":68.29719543457031,"orthographic":false}