{"cameraMode":{"drawMode":0,"name":"Shaded","section":"Shading Mode"},"sceneLighting":false,"audioPlay":false,"sceneViewState":{"showFog":true,"showMaterialUpdate":false,"showSkybox":true,"showFlares":true,"showImageEffects":true,"showParticleSystems":true},"in2DMode":false,"pivot":{"x":-8.170000076293946,"y":4.639999866485596,"z":-10.300000190734864},"rotation":{"x":-0.23956961929798127,"y":-0.6111280918121338,"z":0.20137377083301545,"w":-0.7270333766937256},"size":4.286825656890869,"orthographic":false}