{"cameraMode":{"drawMode":0,"name":"Shaded","section":"Shading Mode"},"sceneLighting":false,"audioPlay":false,"sceneViewState":{"showFog":true,"showMaterialUpdate":false,"showSkybox":true,"showFlares":true,"showImageEffects":true,"showParticleSystems":true},"in2DMode":false,"pivot":{"x":-3.4100000858306886,"y":0.8899999856948853,"z":2.9100000858306886},"rotation":{"x":0.3860183656215668,"y":-0.2247258722782135,"z":0.09753943234682083,"w":0.8893673419952393},"size":2.8578836917877199,"orthographic":false}