{"cameraMode":{"drawMode":0,"name":"Shaded","section":"Shading Mode"},"sceneLighting":false,"audioPlay":false,"sceneViewState":{"showFog":true,"showMaterialUpdate":false,"showSkybox":true,"showFlares":true,"showImageEffects":true,"showParticleSystems":true},"in2DMode":false,"pivot":{"x":9.30000114440918,"y":-0.6564154624938965,"z":48.400001525878909},"rotation":{"x":0.2322344034910202,"y":-0.6429939866065979,"z":0.21401603519916535,"w":0.6977270841598511},"size":88.75582885742188,"orthographic":false}