{"cameraMode":{"drawMode":0,"name":"Shaded","section":"Shading Mode"},"sceneLighting":true,"audioPlay":false,"sceneViewState":{"showFog":true,"showMaterialUpdate":false,"showSkybox":true,"showFlares":true,"showImageEffects":true,"showParticleSystems":true},"in2DMode":false,"pivot":{"x":-0.6100000143051148,"y":6.960000038146973,"z":0.050000011920928958},"rotation":{"x":-0.07064588367938996,"y":0.9001882672309876,"z":-0.39909791946411135,"w":-0.15934595465660096},"size":6.736464023590088,"orthographic":false}