{"cameraMode":{"drawMode":0,"name":"Shaded","section":"Shading Mode"},"sceneLighting":true,"audioPlay":false,"sceneViewState":{"showFog":true,"showMaterialUpdate":false,"showSkybox":true,"showFlares":true,"showImageEffects":true,"showParticleSystems":true},"in2DMode":false,"pivot":{"x":-0.05184260010719299,"y":0.012591732665896416,"z":0.33219021558761599},"rotation":{"x":-0.27285486459732058,"y":0.13025085628032685,"z":-0.03731508180499077,"w":-0.952466607093811},"size":25.478858947753908,"orthographic":false}