{"cameraMode":{"drawMode":0,"name":"Shaded","section":"Shading Mode"},"sceneLighting":false,"audioPlay":false,"sceneViewState":{"showFog":true,"showMaterialUpdate":false,"showSkybox":true,"showFlares":true,"showImageEffects":true,"showParticleSystems":true},"in2DMode":false,"pivot":{"x":9.30000114440918,"y":-0.6564154624938965,"z":48.400001525878909},"rotation":{"x":0.18401484191417695,"y":-0.6500347852706909,"z":0.16654148697853089,"w":0.7182320356369019},"size":88.75582885742188,"orthographic":false}