{"cameraMode":{"drawMode":0,"name":"Shaded","section":"Shading Mode"},"sceneLighting":true,"audioPlay":false,"sceneViewState":{"showFog":true,"showMaterialUpdate":false,"showSkybox":true,"showFlares":true,"showImageEffects":true,"showParticleSystems":true},"in2DMode":false,"pivot":{"x":0.14540600776672364,"y":0.2519817352294922,"z":-0.19049072265625},"rotation":{"x":0.3676058053970337,"y":-0.3151288330554962,"z":0.1339792162179947,"w":0.8646441102027893},"size":12.0253324508667,"orthographic":false}