{"cameraMode":{"drawMode":0,"name":"Shaded","section":"Shading Mode"},"sceneLighting":false,"audioPlay":false,"sceneViewState":{"showFog":true,"showMaterialUpdate":false,"showSkybox":true,"showFlares":true,"showImageEffects":true,"showParticleSystems":true},"in2DMode":false,"pivot":{"x":17.370635986328126,"y":-27.482025146484376,"z":23.67443084716797},"rotation":{"x":-0.3037378191947937,"y":-0.2788415253162384,"z":0.09345868974924088,"w":-0.9062318801879883},"size":67.07876586914063,"orthographic":false}